"Software,ef_home,ef_overview,ef_query,pcs_overview,emci_overview,Rules"
"major,WhatsNew,index,drink,index,s3-18,drinklink,insert1,index,Rules,pr-385"
"index,science,sc_fact,process,defns"
"citguide.txt,consguid.txt,physguid.txt"
"Press,Consumer,citguide.txt,Consumer,citguide.txt,consguid.txt,physguid.txt"
"information,Servers"
"Research,campus,BioTech"
"Rules,Software,description,GZIP,metaepa.txt"
"Rules,pr-815"
"airs,ag,agsample,rtvcurr,rvt30no2,cyosamp,cyoaqi,cyoexced,cyosigv,cyointl,rvpltso2,rvt30so2,rvt30co,rvt30voc,rvt30pb,rvt30pm1,aqs"
"Research,EPA,Offices,region4,rfafacts.txt,finalrfa.txt,extenrfa.txt,neweti.txt,nsfrfa.txt"
"WhatsNew,Offices,region4,Standards,Consumer,region6,Environment"
"Info,Procurement,conlist"
"Info,metavac.txt,5-al1.txt"
"WhatsHot,nsfrfa.txt,WhatsHot"
"Press,sympos.txt,Offices,region5,meta001,region1,OA,Info,metavac.txt,index,5-al1.txt,EPA,Offices,OIRM,index"
"information,adminbio"
"Offices,index,text,Rules"
"EPA,Offices,OARM,OA,airrad,omshome,fuels,rfgnew,fuels,rfgorig,rfgvehpf,rfgarea"
"rfgarea,rfgheal,rfgnonrd,06-clean"
"09-altfu,13-fuels,09-altfu,airrad,adminbio"
"News,13.txt,03.txt,03a.txt,04.txt,reuse95b.txt,metarns5.txt,reusew95.txt,rn94summ.txt,rnfall94.txt,reus.txt,05.txt,06.txt,07.txt,08.txt,13.txt,09.txt,03.txt,10.txt,04.txt,11.txt,12.txt,14.txt,15.txt,17.txt,Software,Press"
"spatial,natgispr,spatial"
"WhatsNew,information,EPA,WhatsHot,rfafacts.txt,finaldoc.txt,update.txt"
"information,EPA"
"Offices,NCEA"
"chapter1,s1-7,chapter1,s3-16,s3-4,s4-1"
"information,Survey"
"Rules,pr-306"
"PIC,titlesearch,Searchable"
"Info,metavac.txt,5-al1.txt,readme.txt,Welcome,EPA,adminbio,Offices,region9,Disclaimer"
"METAspeech,index"
"Offices,NCEA,NHEERL,NRMRL,CERI,Risk,Huggett,Reorg,EPA,Offices,index,module2,index,gulf_index,overview,emapgen,5,6,Environment"
"Standards,Software,ef_home,emci_overview,emci_data_quality,chem_subst,common_name,chapter1,s4-3"
"Initiatives,facts,charter,faca,metasumm.txt,summary.txt"
"major,natgispr"
"pr-155,Rules,pr-155,pr-953,pr-956"
"pr-954,pr-955,pr-956,pr-155"
"Initiatives,IRMPolicy,jps.txt"
"nep,nepover,neplist"
"WhatsNew,WhatsHot,WhatsNew,WhatsHot"
"Metadata,abguide.txt"
"Rules,index,ocean,reg07"
"Rules,pr-184"
"CSO,PIC,index,Offices,Press,Standards,CSO"
"major,WhatsNew,update,metadata.txt,index,WhatsHot,Offices,whatsnew,Briefs,Accomp,grantsbro,Offices,nerl,campus,announce,calist"
"WhatsNew,metafact.txt,index"
"Offices,region3,region1,CSO"
"PIC,index,titlesearch,Offices,OIRM,region9,OIRM,natgispr,spatial"
"whatshere,sarasota"
"INFOTERRA,metadata,aterms,bterms,cterms,dterms,eterms,fterms,gterms,hterms,iterms"
"jterms,kterms,lterms,mterms"
"nterms,oterms,pterms,qterms,rterms,sterms"
"tterms,uterms,wterms,xyzterms,aaad,aaei,aajq,aarz"
"Public_Information_Systems,chapter6"
"Rules,pr-361,pr-368,pr-373"
"pr-356,mbrqa"
"chapter7,s1-19,chapter7,chapter8,s1-7,Software"
"abguide.txt,index,Rules,index,3f,Environment"
"Info,metavac.txt,index,5-al1.txt,metaapp.txt,index,of612.txt,Research"
"adminbio,Rules"
"Rules,Info,Procurement,Software"
"WhatsNew,News,emap-dat"
"index,Standards,metaldbg.txt"
"Press,Budget,Initiatives,Rules,About,pr-214"
"major,natgispr,gis"
"pr-385,Initiatives,pr-385,major"
"major,CSO"
"HowToWais,update,Searchable,pr-97"
"Standards,landbig.txt,Software,ef_home,GPO"
"Rules,pr-163,pr-164,Press"
"Info,Offices,region5"
"Rules,News,Government"
"aeerl,gwcb,llbpage"
"Research,Idaho"
"Offices,region2"
"adminbio,WhatsNew"
"Offices,omshome,fuels,13-fuels,region1,omshome"
"index,science,q_a,process"
"ef_home,Rules,News,16.txt"
"Research,Software,chemlist.txt"
"chapter8,s1-15,chapter1,s1-3,CSO"
"whatsnew,Accomp,Offices"
"Rules,Info,rfafacts.txt"
"gcd_pubs,OAR-APPD"
"Rules,pr-378"
"Rules,pr-231,Rules,pr-385"
"Water,readme.1st"
"Internet,WhatsNew,WhatsHot,Software,Environment,Internet,ef_home"
"Rules,Press,Initiatives"
"emap-dat,Environment"
"Offices,region5,EPA"
"Initiatives,intro.txt"
"EPA,Government"
"emap-dat,emap-metals"
"Initiatives,metadata.asc,PIC,titlesearch"
"PIC,titlesearch"
"CSO,Rules"
"Initiatives,oversite,24arcdoc,Contents,summary.txt,WhatsNew,MetaRecord,index"
"News,13.txt"
"13.txt,15.txt,03.txt,04.txt,10.txt"
"16.txt,22.txt,metadata.txt,05.txt"
"EnergyStar,esrp"
"Offices,region1,toxics,region1,r10,Initiatives,Research,pubwais,WhatsNew"
"information,Servers"
"metalist.txt,index,metalepc.txt,PIC,titlesearch,Searchable"
"Press,pr-426,pr-425,pr-427,pr-429,Consumer,Rules"
"Offices,OECA,oedtrm,metafact.txt,airrad,airs"
"afs,afsdata,afsd-voc,afsdata,foia,gcs,aqs,airs2,Rules,pr-385"
"EPA,information"
"WhatsNew,update,facts,metaupda.txt,Statistics,Initiatives,Consumer"
"chapter6,s2-1"
"PIC,titlesearch"
"Research,ehc94.txt"
"major,software,description,pubs_list,airs,aqs,criteria,nonattn,afs,ag"
"ef_home,faq,tris_overview,tris_entity_attrib,tri_air_emission,Offices,r10,Rules,pr-885"
"WhatsNew,update,facts,newchemi.txt,aterms,WhatsHot"
"Press,Budget"
"WhatsNew,METADATA,index,state,CA_places,site9,site12,pr-35,pr-36,pr-77,pr-431,pr-425,pr-421,pr-416,pr-410,pr-411,pr-412,pr-413"
"airs,ag,Offices,OA,airrad,r10,Environment"
"Standards,Info"
"Searchable,WhatsHot,pdf_statement,major,ef_home,cerclis_overview,pcs_overview,tris_overview,tris_id_info"
"Software,metaepa.txt,index"
"Software,overview,metaepa.txt"
"epagiras,ef_home,ef_access,cerclis_overview,rcris_overview,rcris_query,fnd_overview,fnd_id_info,fnd_entity_attrib,fnd_facilities,fnd_facility,ef_overview,description,Acrobat.txt"
"emap-dat,Software"
"Info,Procurement,WhatsNew,WhatsHot,pdf_statement,Welcome,feedback,WhatsHot,INFOTERRA,WhatsHot,finaldoc.txt"
"Offices,index,Offices,index,drink,index,insert1,index"
"Rules,pr-303,pr-302,pr-299"
"pr-296,Rules"
"PIC,titlesearch,ricabst.txt,metareus.txt,pr-779"
"PIC,titlesearch,information,feedback,EPA,chapter6,s1-1"
"metadata.txt,Info,News,metadata.txt,Standards,Software,ef_home,fnd_overview,fnd_id_info,fnd_query,pcs_overview,pcs_query,Rules,Research,meta_rc.txt"
"Rules,pr-303"
"Info,of612.txt"
"WhatsNew,issue01j.wpd,WhatsNew,update,Consumer,Info,metavac.txt,5-al1.txt,Info,Internet"
"major,pubs_list,index"
"region1,models"
"Press,sympos.txt,pr-343,Software"
"Standards,Info,update.txt,finaldoc.txt,question.txt,hotline.txt"
"omshome,factshts,noxfact2"
"Statistics,index,week65,omshome"
"Software,ef_home,ef_query,pcs_overview,fnd_overview"
"INFOTERRA,HowToWais"
"Water,wetfinal.txt"
"Offices,PestToxics,chemlist.txt,f_perchl.txt,metadata.txt"
"adminbio,PIC,titlesearch"
"trieduca.txt,ppic.txt,contact.txt,lead.txt,newchemi.txt"
"WhatsNew,WhatsHot"
"WhatsNew,metadata.txt,pr-597"
"chapter3,contents,chapter1,s1-7,s2-2,s3-4"
"WhatsNew,WhatsHot,PIC,titlesearch,chapter2,contents,chapter5,s1-8"
"spatial,major,natgispr"
"Info,Procurement"
"metamswx.txt,exsum.txt"
"Initiatives,jps.txt"
"Software,ef_home,Research"
"News,Software"
"Rules,pr-152"
"PIC,index,feedback,titlesearch"
"Environment,chapter7,s1-41,s1-39,PIC,major,Idaho"
"Idaho,major"
"adminbio,Rules,HowToWais"
"Rules,pr-164,pr-159"
"information,Servers"
"Rules,pr-160,pr-128,pr-160"
"adminbio,WhatsHot,metamemo.txt,memorcra.txt,WhatsHot,description,Acrobat.txt"
"Offices,region8"
"PIC,titlesearch,metaapp.txt"
"Standards,pubs_list"
"CSO,Offices,Reorg"
"PIC,titlesearch,pr-173"
"esc-home,GreenLights,download,EnergyStar"
"Rules,pr-959,pr-958"
"Info,5-al1.txt"
"Info,metavac.txt,index,5-al1.txt,5-al1.wp"
"Rules,feedback"
"Software,overview,filedate,overview,readme.txt"
"Standards,Environment"
"meta_exp.txt,readme2.txt"
"Info,Procurement"
"Rules,pr-225,pr-937,pr-938,pr-935"
"Public_Information_Systems,Info,question.txt"
"adminbio,Press"
"pubwais,EnergyStar,homes"
"chapter3,s3-13,contents,chapter6,s6-3,chapter6,contents"
"INFOTERRA,EPA,WhatsHot,pr-957,pr-958,pr-959,pr-960,pr-953,pr-954,pr-955,pr-956"
"Servers,feedback,pdf_statement,adminbio,chapter8,s1-20,chapter1,s1-4,s1-7,s4-8,Info,Procurement,metavac.txt,5-al1.txt,CSO"
"Rules,adminbio"
"Rules,information"
"information,chapter6,PIC,titlesearch,nps40con,nps40agr"
"Info,finaldoc.txt,update.txt,metarec.txt,Info,Procurement"
"Software,information,WhatsHot,About,pr-877,Internet,Rules,Research"
"Press,Standards,abguide.txt,Metadata,index,Research,News,19.txt,02.txt,07.txt,Offices,PestToxics,sum95cip.txt,metadata.txt,fal94cip.txt,issue01j.wpd"
"pubwais,Info,rfaques.txt,metavac.txt,5-al1.txt,metaapp.txt"
"Software,readme.1st,metadata.txt,overview"
"Offices,r10,siteinfo"
"Software,ef_home,emci_overview,emciovw,emci_overview,emci_data_quality,chem_subst,common_name,emci_chemical_name,emci_metadata_ref,emci_distribution,cerclis_overview,readme.1st,Rules,pr-561,pr-357"
"Offices,region6,index,drink,reg01,Rules"
"PIC,index,adminbio,Press"
"News,index_5.txt,meta_ind.txt,05_95mhr.txt"
"region10,tele950315"
"WhatsNew,Press"
"index,usregs"
"index,events"
"WhatsNew,index,Budget"
"major,natgispr,pect,ef_home"
"major,ef_home,ef_query,ef_overview,efovw,ef_id_info,cerclis_overview,cerclis_subj,cer_fac"
"EPA,Press,pr-431,Initiatives,edgewtr.txt,toolfin.txt"
"Rules,index,Bob,Status"
"Offices,Software,aeerl,gwcb,glotech,pnet_ed"
"gwcb,llbpage"
"WhatsNew,chemlist.txt,s_perchl.txt,metadata.txt"
"OAR-APPD,gcd_pubs,Initiatives,metasumm.txt"
"GPO,About,pr-231,GPO,pr-231"
"Consumer,hmbyguid.txt"
"metarduc.txt,index,rducrsks.txt,fixit.txt,WhatsHot,WhatsNew,adminbio"
"Consumer,catbook1.txt"
"whatshere,neplist,nephere"
"Rules,pr-91"
"Offices,PestToxics,indexftp.txt,indexgop.txt,05_06_95.txt"
"Info,Procurement,status.txt"
"Info,update.txt,finaldoc.txt,rfafacts.txt,rfaques.txt,nsfrfa.txt,metavac.txt,5-al1.txt"
"95guide.txt,metafe.txt"
"nep,neplist"
"Rules,HowToWais,leadrule.txt"
"Software,readme.1st,swmm.met"
"Software,description,Acrobat.txt,GZIP,metaepa.txt"
"EPA,Software"
"chapter8,s1-7,intro,contents"
"Public_Information_Systems,chapter6,s6-5,s6-3"
"sum1,h2o_mon"
"Water,lead1.wp,index,wssum95,index,rwrb,eff,reg14,index,OW-OWM,meta004"
"PIC,titlesearch"
"pr-958,Consumer,metadata.txt,index,aterms,cterms,Rules,pr-87,pr-94,pr-696,pr-687,pr-688,pr-689,pr-692,HowToWais"
"Info,Procurement,bidderslist.wpd,News,12.txt,10.txt,july95.asc,reuse95b.txt,Initiatives,Press,Budget,index,sum1,csgwpp,index,wssum95"
"EPA,information,metacoll.txt"
"index,olaw,ideas,q_a,add_res"
"OAR-APPD,download,gas-home,enviros,OAR-APPD"
"Welcome,EPA,Offices,region7,region6,r10,gisapps,siteinfo"
"Info,metavac.txt,index,5-al1.txt"
"Offices,Solids"
"spatial,grd_home,sheds_vol1"
"pr-422,WhatsNew,update,metafact.txt,MetaRecord,datadict"
"metavac.txt,5-al1.txt"
"consumer,609,cons1,ref,snaplist,index,consumer,sc_fact,609,information"
"fnd_query,ef_home,emci_overview,emci_id_info,ef_access,emci_metadata_ref,rcris_overview,rcris_query"
"information,Welcome"
"PIC,major,Offices,OECA"
"gulf_index,partnership"
"PIC,WhatsNew,WhatsHot"
"Standards,Environment"
"Initiatives,cetred.txt"
"Standards,PIC,titlesearch"
"WhatsNew,update,Software,Press"
"Consumer,lead.txt"
"indexgop.txt,93contnt.txt,93intro.txt,93exec.txt,metadata"
"WhatsNew,update,pr95-3,Rules"
"Environment,Research,CSO"
"major,ef_home,WhatsHot"
"PIC,titlesearch"
"Research,overview,aterms,bterms,cterms,dterms,aaad,eterms,fterms,gterms,hterms,iterms,jterms,kterms,lterms,mterms,nterms,oterms,pterms,qterms,rterms,sterms,tterms,uterms,wterms,xyzterms,aaad,aaei,aajq,aarz"
"gas-home,ngas-gri"
"index,science,othlinks"
"readme.1st,swmm.met,Rules,chapter8,s1-29,s1-13,chapter6,Standards,landbig.txt"
"Info,Procurement,status.txt,cbd.txt,amend2.txt,rfp_instructions_for_download,rfp_wp51.doc"
"omshome,whatsnew,im,15-remot,16-hitec"
"Rules,pr-214,News"
"Rules,pr-212,pr-921"
"index,science,q_a,sc_fact,process,marcomp,defns"
"Rules,pr-164,Initiatives,pubpart.asc,Research"
"Budget,index,page1,wetland2,wet10,index,permit,reg12,reg10,index,rwrb"
"Rules,pr-51"
"EPA,Standards,landbig.txt"
"region1,intro"
"oswintro.txt,metaric.txt,index,ricint.txt,ricabst.txt,uw-wp.wp,univwast.txt,Rules,pr-644"
"chapter7,s1-60,PIC,missedbar,titlesearch"
"Research,Press,Budget,index,text,index,sum1,csgwpp,index,content,AppE"
"nep,neplist"
"gcd_pubs,OAR-APPD"
"Research,News"
"spatial,size,natgispr"
"WhatsNew,Research,Idaho"
"sustain,sect4"
"kodsphb,feedback,r10"
"unalaska,ssover,spill,index"
"pugsnd,sect5"
"gwact6,ssfaq,Research"
"ssarx,gzip,ppresf21"
"sstech,oil"
"whatsnew,Idaho"
"meta004,pr-74,pr-201"
"cercla,netcalen,Status"
"wave004.asc,pr-202"
"grdwtr,psbib"
"vac950620,exposure.wp,pr-205"
"metastr.txt,metabr93.txt,index,es.txt,na-wp.wp,lqgs-wp.wp,metaca.txt,metalatl.txt,es.wp,univwast.txt,pr-62,update,metaupda.txt,01_95mhr.txt,pr-153,pr-199,pr-201,pr-238,pr-1,metafact.txt,pr-304,pr-302"
"metawast.txt,metabrff.txt,readme.txt"
"pr-875,pr-876,pr-147,pr-151,pr-152"
"esc-home,GreenLights"
"omshome,whatsnew,omshome,airrad,im,ttnfiles,im,14-insp,16-hitec,omshome,airrad,airs,omshome,ttnfiles,im,16-hitec"
"WhatsNew,information"
"metaapp.txt,index,of612.txt,5-al1.txt"
"information,chapter3,s1-8,s1-10"
"EnergyStar,esrp,homes"
"nep,neplist"
"WhatsNew,update,WhatsNew,WhatsHot,description,Servers,Software,ef_home"
"xl_proj,xl_home"
"HowToWais,Software,epagiras,metaepa.txt,description,metalatl.txt"
"OAR-APPD,gcd-goal,EnergyStar,GreenLights,download,esb-home,enviros,hoffman"
"Offices,Solids,update,metafact.txt,facts"
"Research,HowToWais,pr-277,pr-278,ctc,pia,confs,coop,pbsdesc,nox,noxregs,n2ocomb,n2orev,n2oanlys"
"aeerl,gwcb,gloed,map,dbedit,llbpage,glotech,pnet_ed,dars,WhatsHot,WhatsNew"
"Software,ef_home"
"major,Press,pr-414,pr-416,pr-423,pr-420,pr-430,pr-431"
"Info,rfafacts.txt,rfaques.txt,metavac.txt"
"emap-dat,pr95-3,chapter6,s2-1,s1-1,chapter6"
"EPA,Offices"
"Statistics,Retrievals"
"Rules,pr-74,Consumer,hotline.txt,comsense.txt,metadata.txt,index,Rules,pr-308,pr-304,pr-303,pr-72"
"sum1,Standards,Metadata,Software,ef_home,tris_overview,tris_subj,tris_chm,tris_query,overview,filedate,overview,metaepa.txt"
"Press,pr-431,Budget,Rules"
"abguide.txt,WhatsNew,WhatsHot"
"pr-271,pr-272,pr-274"
"Research,ehc94.txt,Research,eeac941.txt"
"gulf_index,mississippi"
"Info,Procurement,conlist"
"Rules,pr-230,Rules"
"coalhome,OAR-APPD"
"Rules,readme.txt"
"Software,description,News,Rules,pr-231,Rules"
"factsheet.txt,metadata.txt,readme.txt,mets.save,questans.wp,Rules,asbestos.txt"
"WhatsNew,update"
"Research,contact_info,kerrlab"
"Press,Budget,Software,ef_home,cerclis_overview,cerclis_id_info,cerclis_query,cerclis_entity_attrib,cerclis_distribution,cerclis_metadata_ref,cerclis_subj,emci_overview,Info,metavac.txt,index,Rules,index,pr-231"
"kerrlab,mission,sric,high"
"kerrlab,mission,csmos,bioplume,kerrlab,high,mission,sric,high,kerrlab"
"kerrlab,csmos"
"Info,metavac.txt,5-al1.txt,Standards,Offices,region1,region4,region5,region9,r10,reginfo"
"PIC,feedback,major,ef_home,faq,software,contact_info"
"adminbio,CSO,chapter6,s1-1,s1-2"
"Offices,NRMRL,aeerl,gwcb,llbpage"
"gloed,menu,dbselect"
"News,Internet"
"page1,wetland2,index,s3-21,metadata.txt,index,s3-16,index,link3,page1,index,link3"
"METADATA,major,airs,airs2,criteria,nonattn,Software,overview"
"omshome,EPA,Offices,omshome"
"Offices,airrad,omshome,ttnfiles,whatsnew"
"ppdir.txt,omshome,airrad,omshome"
"airs,aexec"
"ardhome,caaa,regs,student,whatnew,page-04,overview,feedback,links,diagram,allsys"
"Offices,airrad,index,OAR-APPD,omshome"
"WhatsHot,readme.txt,Searchable,rfafacts.txt,rfaques.txt,nsfrfa.txt"
"news,Press"
"Offices,airrad,OA,oppe,spatial,feed"
"atticbbs,WhatsNew"
"index,mbrqa,usregs"
"snap,defns,snaplist,609,cons1,ref,cons2,hc-12a"
"HowToWais,pr-645"
"Standards,metaldbg.txt,Rules"
"OAR-APPD,enviros"
"PIC,Offices,OA,OARM,OIRM,natgispr,WhatsHot,Welcome,Servers,CSO,major,natgispr"
"major,ef_home,cerclis_overview,cerclis_query,cerclis_distribution,cerclis_entity_attrib,cer_site_summary,site_incid_cat,cerclis_subj,cer_fac,emci_overview,fnd_overview,fnd_query"
"nep,7estuaries,index,whatshere,module1,module7,module8,module6"
"home,dryclean,newdry,dryfact,enforce,toxics,cfc,states"
"home,acidrain,aaacrain"
"home,acidrain,aaacrain,acidben,toxics,naaqs,ozoneday,reform,refboat,asthma,asbestos,home,asbestos,inform"
"index,s3-1a"
"home,states,ardfunct,priority,acidrain,aaacrain,acidben,acidphas,auctacid,acidperm,naaqs,ozoneday,reform,refboat,asthma,emaildf,toxics,emailbv,asbestos,asbqa,emailrm,asbmatl,homeasb,asbnotad,asbstcon"
"inform,awet,demo,waste,regabcon,dryclean,emailaa,newdry,dryfact,wetclean,cnt,enforce,fr,emailgz,foia,home,ardhome,emailaa,Internet,home,radon"
"home,emaildk,toxics,dryclean,states,home,fr"
"Rules,home,emailaa,toxics"
"PIC,region5"
"Rules,pr-309,chapter2,s1-4,chapter2,contents,Standards"
"Offices,whatsnew,Ozone"
"EnergyStar,homes"
"Rules,pr-229,pr-231,pr-230,pr-779"
"gulf_index,mississippi"
"index.cat,Press,News,Consumer,metadata.txt"
"natgispr,gulf_index,natgispr"
"ftp_read.me,metalulc"
"PIC,titlesearch,metalfiv.txt,conlist"
"ef_home,cerclis_overview,cerclis_id_info,cerclis_distribution,cerclis_entity_attrib,cer_fac,cer_site_summary,fac_id,record_type,cer_site_summary,cerclis_metadata_ref,cerclis_query,ef_access,ef_query,fnd_overview,fnd_query,ef_overview,emci_overview,emci_id_info"
"Internet,Initiatives,Consumer,Initiatives,Research"
"Rules,HowToWais"
"CSO,WhatsNew,metafact.txt,index,update,metaupda.txt"
"WhatsNew,WhatsHot,WhatsNew"
"Consumer,lead.txt"
"index,science,othlinks,mbrqa"
"gilsfocg.txt,map.txt,define.txt,ricsubj.txt"
"module6,module5"
"Rules,pr-302,pr-303,Initiatives,Contents,Software,description,metaepa.txt,Consumer,Press,Info,ttnbbs,chapter6,s1-1,s1-4,metadata,aterms,intro"
"Rules,pr-385"
"WhatsHot,HTDOCS&headline=Energy%20Star%20Computer%20Products%20Listing&type=HTML&docid=%01%0aearth1:210%02%1c%2fusr1%2fcomwais%2findexes%2fHTDOCS%0310%20-1807%20%2fusr1%2fhttpd%2fhtdocs%2fenergy_star%2findex,feedback"
"ef_home,tris_overview,tris_distribution,tris_subj,tris_chm,tris_query,tris_id_info,rcris_overview,rcris_metadata_ref"
"Press,Rules,Initiatives,News,Standards,pr-171,Intro"
"Software,News,Environment"
"Standards,Software,metabrff.txt,lqglist.wp,factsht.txt"
"nep,index"
"chapter8,s1-1,s1-29,chapter5,s5-2,chapter6,Status,chapter1,s2-4,s2-2,s2-3,chapter2,chapter3"
"work,new,info,links"
"Standards,News,Software,description,metaepa.txt,Offices,OIRM,ef_home,emci_overview,whats_new"
"feedback,PIC,WhatsHot,description,HowToWais,intro,contents,chapter6,README"
"finaldoc.txt,metarec.txt,update.txt,hotline.txt"
"Info,nsfrfa.txt,rfafacts.txt,Standards,metaldbg.txt"
"8%28a%29News,MetadataRecord,RFP,rfpwp51.doc"
"Standards,PIC,titlesearch"
"major,natgispr,pect,ef_home,tris_overview,emci_overview,emci_query,fnd_overview,fnd_query,Internet,Environment,Consumer"
"PIC,titlesearch,seafood,consump,articles,site2,site4"
"WhatsNew,index,crit,reg15,index,OW-OWM,drink,reg01,eff,reg14,index,chapter1,s4-1,s4-2,s2-2,s3-1a"
"Water,papercall.txt"
"whatsnew,vac950724"
"Initiatives,summary.txt"
"Press,Budget"
"GreenLights,adminbio,CSO,feedback"
"index,usregs,609"
"Offices,text"
"Rules,pr-958"
"HowToWais,metaric.txt,oswintro.txt,metamemo.txt,index,memorcra.txt,PIC,titlesearch,Searchable"
"Standards,landbig.txt"
"Info,question.txt"
"Press,Budget"
"pr-416,pr-407,confmay.txt"
"Info,metavac.txt,5-al1.txt,Info,Rules,pr-150.txt,pr-153,pr-157,Rules"
"Software,ef_home,fnd_overview,fnd_query"
"index,OW-OST,index,s3-16,NBSFlash,owintro,index,pr-431"
"trends.txt,Procurement,8(a)News,status,hotline.txt,question.txt,update.txt,metarec.txt,PIC,titlesearch"
"PIC,Research,campus,bterms,aaei,aajq,Idaho"
"Software,major,Info,Procurement,Offices,OIRM,OECA"
"ch8-2,index,pubwais,Standards,Metadata,abguide.txt,Research,software"
"Offices,OARM,OA"
"gcd_pubs,glb-home"
"Info,Procurement,conlist,RFC,Synopsis,Procurement,8(a)News,RFP,rfpwp51.doc"
"appenda,chapter5"
"Software,overview,metaepa.txt,index,description,Acrobat.txt,metadata.txt,readme.1st,swmm.met,epagiras"
"EPA,information"
"intro,chapter1,s3-1,chapter1,s3-4,s3-5,s3-9,s3-12,s2-3,s2-1,s3-1a"
"oppe,xl_proj,xl_home"
"index,pr-417"
"Initiatives,Internet"
"CSO,Software,ef_home,pcs_overview,Offices,oppe"
"OW-OST,index,page1,wetland2"
"indexN,Offices,NHEERL,NCEA"
"major,ef_home,emci_overview,emci_id_info,ef_access"
"index,coastlin"
"index,uvover"
"4,chapter5,s4-9,chapter8,s1-4,s1-11,s1-13,s1-19"
"s1-20,s1-24,s1-31,PIC,titlesearch"
"Rules,pubwais,tsd-wp.wp"
"pr-50,Software,epagiras,ef_home,ef_access"
"gazprom,OAR-APPD"
"indexN,whatsnew,Briefs"
"whatsnew,Briefs"
"Consumer,Initiatives,Rules,Research,overview,emapgen,index"
"Research,Idaho"
"Research,campus,Idaho"
"Offices,EPA,adminbio,Offices,OA,oversite,airrad,metaozon,OECA,oedtrm,oe_x507,PestToxics,738b94.txt,metalist.txt,acron.wp,oppe,.index,.summary,.index,.intro,.ch_1,.ch_2,.ch_3,text,index,.ch_4,index,owintro,intro,Survey,EPA"
"major,ef_home,WhatsHot,fnd_overview,fnd_entity_attrib,emci_overview,emci_id_info"
"appenda,chapter8,contents"
"natgispr,ndpdoff"
"Software,Info,readme.txt"
"Software,readme.1st,swmm.met,description,metaepa.txt,overview"
"Info,5-al1.txt"
"emap-dat,ef_home,cerclis_overview,cerclis_query"
"CSO,information"
"natgispr,gis,ftp_read.me,natgispr"
"Offices,airrad,EnergyStar,esrp"
"Software,overview"
"EPA,adminbio,Offices,r10,sustain,spill,feedback"
"Initiatives,Rules"
"index,crit,reg15,eff,reg04,drink,index,pr-426,pr-417,pr-414,Welcome,index"
"Standards,Rules,chapter6,s1-1,Government"
"Software,ef_home,emci_overview,Software"
"chapter5,s1-5,s1-1,adminbio,HowToWais,Rules"
"Searchable,Research,campus"
"xl_home,xl_proj"
"Rules,CFRDisclaimer,pr-22,pr-21,Offices,airrad,region9,METAspeech,lib195,region4,region1,region5,r10,rcra,rcraweekly,rcra950713,Consumer,Initiatives,Standards,Research,WhatsNew,abguide.txt"
"Offices,Solids,Press,Initiatives,index2,OW-OWM"
"Initiatives,members.txt,may19-95.txt,roster.txt,members.wp,Initiatives,members.wp"
"Initiatives,facts,charter,faca"
"WhatsNew,update,aterms,xl_proj,pr-477"
"major,natgispr,index,readme.txt,waterg.wp,Government,Environment"
"Info,hotline.txt,finaldoc.txt,update.txt,metarec.txt,metavac.txt"
"WhatsHot,Software,Initiatives,Rules,WhatsHot,Research"
"cerclis_overview,cerclis_query,Rules,Environment,Internet,Status"
"PIC,titlesearch,index,feedback,Consumer,Software"
"Press,Rules"
"INFOTERRA,chapter6"
"chapter6,information,EPA,PIC,Rules"
"indexN,Offices,nerl,html3,dfine,grantdef,rep,program,progd"
"Info,afmintro.txt,grants.txt"
"whatsnew,Accomp"
"Rules,pr-380,pr-377,pr-373,pr-374,Initiatives,Standards,Research,pr-89"
"spatial,natgispr,ef_home,faq,spatial"
"emap-dat,Rules"
"Government,Internet"
"Standards,Metadata,abguide.txt,feedback,Rules,pr-231,pr-410,pr-957,pr-958,pr-959,pr-960"
"index,rwrb,HowToWais,major,WhatsNew,welcome.txt,issue01j.wpd,lead.txt,information,rules"
"adminbio,major,rules,EPAFR-EnvSubset,EPAFR-Search"
"whatsnew,cons2,defns"
"WhatsHot,Statistics,Retrievals,WWWStats,index,week62,week65,index,olaw,feedback,index,olaw"
"ardhome,overview,flowcht,listno,unaffect,continue,atsdata,trading"
"Offices,airrad,index,OAR-APPD,hoffman,OAR-APPD,download,index.cat"
"00rea000.txt,00readme.txt,license.txt"
"Offices,airrad,OAR-APPD,gcd-goal,hoffman,esb-home,mou-home,glb-type,particip,endorser,GreenLights,college,college1"
"Offices,airrad,OAR-APPD,landfill"
"Offices,airrad,EnergyStar,OAR-APPD,GreenLights,particip,government"
"CSO,Internet"
"CSO,Internet"
"Internet,ef_home,prov_feedback,ef_home,rcris_overview,faq,whats_new,cerclis_overview,ef_overview,cerclis_id_info,cerclis_data_quality"
"atticbbs,WhatsNew"
"major,ef_home,emci_overview"
"INFOTERRA,chapter6,s1-5,emap-dat,Initiatives,Rules,News,11.txt"
"major,airs,ag,agsample,cyosamp,rtvcurr,rvt30co,rvnonco"
"Software,overview"
"Press,pr-393"
"Offices,airrad,index,defns,mbrqa,science,othlinks,OAR-APPD,gcd-goal"
"information,CSO"
"s2-4,s3-29"
"Software,metafact.txt"
"Software,ef_home,pcs_overview,pcs_query,pcs_id_info"
"WhatsNew,metaupda.txt,WhatsHot,map.txt"
"CSO,Software,description,ef_home"
"Rules,HowToWais"
"CSO,feedback,Initiatives,homep,solicit.txt,Info,Offices,r10,datalib,WhatsNew,xl_mail,xl_proj,pr-477,WhatsHot,About,pr-214"
"WhatsNew,WhatsHot,Initiatives,pubwais,Rules,Consumer,News"
"HowToWais,major,ef_home,ef_access,ef_query,fnd_overview,fnd_metadata_ref,fnd_query"
"pcs_overview,pcs_query,major"
"major,ef_home,pcs_overview,pcs_query,pcs_entity_attrib,pcs_enf,pcs_enfor_action,npdes,pcs_fac,pcs_permit_facility,location_telephone_number,ef_overview,fnd_overview,fnd_query"
"major,ef_home,faq,whats_new,pcs_overview,cerclis_overview,tris_overview,rcris_overview,fnd_overview,emci_overview,ef_overview,ef_query,ef_home,ef_access,prov_feedback,major,airs,airs2,aqs,afs,ag,aexec,feedback,overview,major,Idaho,natgispr,EPA,information,PIC,CSO,WhatsNew,WhatsHot,major,Searchable,HowToWais,natgispr"
"major,ef_home,ef_query,ef_access"
"HowToWais,pr-554"
"Info,Consumer,metadata.txt"
"Servers,EPA"
"pubwais,Internet"
"major,ef_home,tris_overview,WhatsNew,MetaRecord"
"WhatsNew,citguide.txt,consguid.txt"
"chapter1,s3-1a,s3-1,chapter1"
"s3-2,s1-1"
"EPA,Welcome,Servers,PIC,adminbio,define.txt,metadont.txt"
"gulf_index,feedback,nep"
"intro,chapter1"
"index,text"
"Rules,Initiatives"
"Software,readme.txt,metadata.txt"
"feedback,information,OAR-APPD"
"nsfrfa.txt,rfafacts.txt,neweti.txt,rfaques.txt,finaldoc.txt"
"othlinks,index,consumer,sc_fact"
"index,text,OW-OST,index"
"WhatsNew,MetaRecord,codes,consguid.txt,xl_proj,Offices"
"PIC,titlesearch"
"PIC,titlesearch"
"WhatsNew,update,hmbyguid.txt"
"Water,Course.txt,epasvmp,index,ppresf11"
"WhatsHot,pr-428,pr-427"
"Rules,metarecord,article.txt,article.wpd,members,apr-27.95,aboutold"
"landfill,gazprom"
"OAR-APPD,agstar,landfill,gazprom"
"Rules,PIC,information,Internet"
"chapter6,s11-2,s1-1,s1-3,s1-5,s2-2,s5-6,s6-2,INFOTERRA"
"pr-163,WhatsHot"
"Rules,pr-958,adminbio"
"PIC,titlesearch"
"OAR-APPD,WhatsHot,chapter6,INFOTERRA"
"Statistics,index,pubwais,News,WhatsNew,MetaRecord,WhatsNew,Internet,pubwais,Rules,pr-231,pr-230,WhatsHot,pr-953,WhatsHot,pr-953"
"major,natgispr"
"WhatsNew,triage.txt,lead.txt"
"r10,tele950315,grdwtr"
"index,Info,Procurement,Initiatives,facts,charter,may19-95.txt,metagend.txt,metaminu.txt,Rules"
"EPA,appenda,chapter1,s3-1a,PIC,titlesearch,citguide.txt,consguid.txt,physguid.txt"
"chapter1,s3-6"
"Software,readme.1st"
"afmintro.txt,efc.txt,misc.txt,incentiv.txt,credit.txt,p3.txt"
"major,gulf_index,Software,ef_home,tris_overview"
"PIC,index,Info,Consumer,Standards,Research,epec12.txt,epec03.txt,News,07.txt,16.txt,19.txt,13.txt,03a.txt,14.txt,13.txt,Press,pr-430,pr-431,pr-422,pr-423,pr-420,pr-419,Budget"
"07.txt,News,PIC,Info,overview.txt,innovate.txt,Procurement,conlist,8(a)News,Standards,Research,epec12.txt,epec03.txt"
"Standards,Initiatives,Rules,Research,metaupda.txt"
"Rules,Research,Rules"
"gcd_pubs,chapter1,PIC"
"Rules,Research,News,Press"
"Rules,News"
"everglades,southern"
"Offices,index"
"WhatsNew,abguide.txt,WhatsNew,WhatsHot,finalrfa.txt,nsfrfa.txt,gulf_index"
"information,PIC,titlesearch,airs,aqs,contacts,airs2,criteria,aqsdata,foia"
"WhatsHot,README,ttnbbs,WhatsHot"
"whatsnew,Briefs,Offices,nerl,NHEERL,NRMRL,NCEA,NCERQA,ORMA,OSP,ORSI,campus"
"ahs,qsiphome,append03,qsiphome,append03,append04,append05,append06,append07,append08,append09,append10,append14"
"append14,append29,append28,append29"
"append11,qsiphome"
"append14,append16,qsiphome"
"tris_overview,tris_metadata_ref,tris_subj,tris_overview,tris_id_info"
"intro,eterms,tterms,aarz,aaad,aaei,aaad,aajq"
"uvover,othlinks,Consumer,Research,uvwhat,uvover,uvknow"
"uvover,uvaction,uvkids,uvhealth,uvwhat,uvknow,uvover"
"Rules,HowToWais,pr-664"
"WhatsHot,description,WhatsHot"
"Offices,ef_home,airs,gulf_index,nep,GLREIS,Idaho,natgispr,sympos.txt,OA,airrad,PestToxics,oppe,Solids,OARM,OIRM,index,region1,region4,region5,region9,r10,index,IRMPolicy,homep,actagen.txt,CFRDisclaimer,pr-91,index,BioTech,campus,Procurement,epagiras,earth1,index,WWWStats,Retrievals"
"Consumer,Press,Budget,News,reusew95.txt"
"PIC,titlesearch"
"index,Government"
"EPA,information"
"PIC,titlesearch,Searchable,feedback,Searchable,feedback"
"Rules,emap-dat,Press,emap-metals"
"information,Servers"
"WhatsHot,pr-431"
"WhatsNew,chapter5,s1-4"
"WhatsNew,Research,News,Press"
"whatsnew,Software,index"
"pr-397,Rules,Press,Budget"
"Searchable,PIC,titlesearch"
"WhatsNew,rwrb,Internet,Environment,feedback"
"WhatsNew,facts"
"PIC,CSO"
"science,whatsnew,608fact,olaw,add_res,feedback"
"usregs,608"
"olaw,feedback,mbrqa,whatsnew,hal,halon_qs"
"Offices,r10"
"Info,Procurement,RFP,neweti.txt,nsfrfa.txt,rfafacts.txt,metavac.txt,Offices,region5"
"adminbio,oedtrm,cmeread.txt,News,Rules"
"navigator,EPA"
"Rules,information"
"major,airs,airs2,criteria,nonattn,telnet"
"Research,campus"
"oswintro.txt,acroread.hqx,00rea000.txt,ecltr02.txt"
"ricelec.txt,ricnum.txt,ricsubj.txt"
"Rules,WhatsNew,metadata.txt,WhatsHot,description,major,Rules,Software,ef_home,emci_overview,ef_home,News,metahl95.txt,05_95mhr.txt,WhatsHot,Rules"
"Rules,Software,overview,metalist.txt,lepc-sur.txt,metalepc.txt"
"softlib,r10,cercla,npllist,PIC,chapter6,WhatsNew,update"
"gulf_index,louisiana"
"index,olaw,olawlet,olaw,q_a"
"r10,pugsnd"
"Info,5-al1.txt,metavac.txt,5-al1.wp,of612.txt,News"
"index,pubcon,publist1,s3-21,wetlink,form,bulletin"
"Internet,PIC,EPA,www,gils"
"HowToWais,articles"
"WhatsHot,description"
"fladep,flabay,fmri-dat,watercolor_md"
"Info,5-al1.txt,Offices"
"WhatsNew,WhatsHot"
"Offices,airrad,OAR-APPD,CSO,PIC,titlesearch"
"download,OAR-APPD,gcd_pubs,EnergyStar,enviros"
"index,science,q_a,process"
"pr-163,pr-164,Press,Research,Initiatives,metasumm.txt,summary.txt,Rules,pr-137,pr-572,pr-558,pr-91,News,Offices,region6"
"HTDOCS&headline=Day-11&type=HTML&docid=%01%0aearth1:210%02%1c%2fusr1%2fcomwais%2findexes%2fHTDOCS%03>0%20-799%20%2fusr1%2fhttpd%2fhtdocs%2fEPA-WASTE%2f1995%2fMay%2fDay-11%2findex,pr-223"
"CSO,WhatsNew,Info"
"CSO,WhatsHot"
"Rules,pr-959,pr-957"
"chapter6,s2-1"
"Initiatives,IRMPolicy"
"OAR-APPD,EnergyStar,homes,Research,overview,emapgen,airrad"
"Info,News,Info,metavac.txt,5-al1.wp,5-al1.txt,Procurement,8(a)News,Procurement"
"Rules,WhatsHot"
"mbrqa,index,usregs,phaseout,defns"
"nep,Software,metaepa.txt,Acrobat.txt,GZIP"
"index,olaw,olawlet,events,science,myths,heavier,volcano,glob_dep,ozone_uv,process,marcomp,q_a,Ozone,othlinks"
"Info,Procurement"
"Press,earthdy9.wp,active.txt,07.txt"
"mbrqa,News,05_95mhr.txt"
"Rules,pr-229"
"Press,pr-431,sfreform_pr.txt,elp_pr.txt,ceit_pr.txt,eti_pr.txt,elp_pr.txt"
"information,oedtrm,oe_cac"
"major,ef_home,fnd_overview,fnd_subj,fnd_companies,fnd_company,bus_name,fnd_entity_attrib,pcs_overview,pcs_query,tris_overview,tris_query"
"pr-408,pr-410"
"CSO,Welcome,pdf_statement"
"Rules,Environment"
"Software,metabrs.txt,factsht.txt,es.wp,menu.txt,errata.txt,metabr93.txt,es.txt,ef_home,tris_overview,tris_subj,tris_rls,tri_air_emission,tri_facility_id,tris_query,ef_access,Environment"
"whatsnew,Briefs,airsem,News,Info,Procurement,Research,BioTech,WhatsNew,update,Initiatives,Press"
"Survey,Rules,pr-187,pr-188,pr-190,Rules,pr-187"
"Info,5-al1.txt"
"Press,Consumer,CSO,Software,overview"
"metamemo.txt,index,memorcra.txt,information"
"home,ardhome,landsup,cercla,indiana,healthy,mission,h2opage,epanews,landpage,genpage,specpage,brown"
"epanr086,epanr085,epanr080,epanr084,epanr083,feedjk,def,cwa,sdwa,caa,epcra,sara,esa,fifra"
"brnflds,bfintro,keyissues,quick,legal,moreinfo,contacts,region5"
"other,index,WhatsNew,contract,Jobs,5-al1.txt"
"ardhome,question,ardhome,toxics,feedjk,landpage,brown,moreinfo,contacts,region5,naaqs,emaildf,sips,enforce,foia"
"home,healthy,ardhome,fr,h2opage,landsup,cercla,epapage,home,h2opage,landpage,feedjk,landsup,Offices,region5,region1,region2,region3,region4,region7,region8,region9,r10,whatsnew,siteinfo,cercla,npllist,sustain,pugsnd,states,foia"
"ardhome,ardfunct,asbestos,asbqa,waste,foia,home,Internet,states,Environment,landsup,indiana"
"home,landpage,ardhome,question,ardfunct,emaildk"
"fr,specpage,genpage,foia,emaildf"
"ardhome,question"
"Environment,foia,fr,dryclean,brown"
"major,ef_home,tris_overview,tris_subj,tris_query"
"Offices,region5,home,genpage,def,foia,feedjk"
"gas-home,ngas-gri,gas-home"
"Rules,index,drink,reg01,HowToWais"
"airs,airs2"
"airs,feedback,airs,afs,afsdata,afsd-co,airs"
"Searchable,information,CSO"
"EnergyStar,index"
"index,reach,NBSFlash,spatial"
"Info,Research,campus,BioTech,Government"
"Research,campus"
"information,Internet,information"
"Government,Environment,information"
"index,spdgraph,usregs"
"Initiatives,actagen.txt"
"Software,ef_home,major,pubwais"
"usregs,Initiatives,Rules"
"Rules,WhatsNew,pr-958,facts"
"PIC,titlesearch,Searchable"
"whatsnew,Offices,NCERQA,indexN,FAQ,Risk"
"titlesearch,Rules"
"EPA,Offices,region9,airrad,metascho.txt,index,Risk,indexN,whatsnew,airsem"
"Offices,airrad"
"major,Searchable,Standards,landbig.txt"
"particip,GreenLights,OAR-APPD,gcd-goal,corporate,printers,EnergyStar,geothermal,homes"
"EnergyStar,printers,homes,geothermal,homes"
"readme2.txt,metacafr.txt"
"Research,Idaho"
"index,othlinks"
"metalfiv.txt,intromsw.txt,section3.txt"
"PIC,titlesearch,Research,information,Survey,EPA,metacluin.txt,index,chapter3,s1-14"
"Rules,pr-953,pr-958,pr-959"
"btwho,louisiana"
"esb-home,OAR-APPD,Software,pr-149"
"CSO,WhatsHot"
"Environment,Welcome,Status,EPA,adminbio,Offices,region6,indexN,whatsnew,Servers"
"Info,Procurement,Software,ef_home,faq,epagiras"
"EnergyStar,OAR-APPD"
"Software,Standards,WhatsNew"
"Info,News"
"PIC,titlesearch"
"CSO,Offices,r10,rcra,rcraweekly,rcra950713"
"WhatsNew,lterms,WhatsHot,description,GZIP,ttnbbs,chapter8,s1-2,s1-27,contents,s1-26,s1-25"
"Searchable,MO,VI"
"sec09,sec14"
"gas-home,OAR-APPD"
"EPA,Offices,PestToxics"
"xl_proj,PIC"
"WhatsNew,xl_proj,pr-477,xl_mail"
"PestToxics,05_06_95.txt"
"nepbroc,nepover,neplist,alabama"
"Rules,pr-200,pr-276"
"Rules,pr-926,HowToWais"
"Rules,HowToWais,ef_home,cerclis_overview,cerclis_query,cerclis_feedback,cerclis_distribution,cerclis_data_quality,emci_overview,emci_query,ef_access,ef_query,pcs_overview,cerclis_subj,fnd_overview,fnd_query"
"Info,Research"
"chapter7,contents"
"esc-home,EnergyStar,symbols,esb-home"
"information,Government"
"pr-223,HowToWais,Rules"
"Research,metadata"
"CSO,Software"
"Standards,Rules"
"WhatsNew,Offices,airrad,gcd_pubs,glb-home,indexN,r10,siteinfo,Software"
"whatsnew,Briefs"
"esb-home,GreenLights,particip,corporate,allies,GreenLights"
"nep,index,neplist"
"Water,metaportland.txt,index,portland.txt,Course.txt,metaglos.txt,index,eff,reg14,permit,reg12,reg10"
"Rules,Info,News,notes_11.txt"
"WhatsNew,Press,sympos.txt,pr-421,pr-425"
"Rules,pr-958,pr-959,indexN"
"Info,Procurement,8(a)News"
"Searchable,News,Environment"
"pr-431,pr-428,pr-427,pr-425,pr-424,pr-417,pr-418,pr-419"
"Initiatives,Offices,airrad,EnergyStar,esrp,OAR-APPD,esb-home,GreenLights,glbsuppt,download,glb-type,particip,government,corporate,allies,particip,endorser,GreenLights,gcd_pubs,glb-home,gcd_pubs,Offices,airrad,gcd_pubs,esb-home"
"major,ef_home,tris_overview,tris_query"
"chapter5,s1-6,s1-2,s1-3,s1-4,s4-10"
"pcs_overview,pcs_subj,pcs_outf,pcs_id_info"
"Info,5-al1.txt"
"Internet,README,Public_Information_Systems"
"index,usregs,snap"
"snaplist,defns,Rules,index"
"consumer,science,othlinks,PIC,titlesearch,CSO,Initiatives,Environment,usregs,snap,snaplist,hal,halon_qs"
"mbrqa,HowToWais"
"reuse95b.txt,metadata.txt,notes_11.txt,chapter6,s3-1"
"PIC,titlesearch,EPA,Searchable,5-al1.txt,pr-1012"
"Offices,oppe,WhatsNew,Press,papercall.txt"
"fnd_query,cerclis_query,rcris_query"
"Research,Idaho"
"Initiatives,Offices,PestToxics,meta4112.txt,4112text.txt"
"index,whatsnew,608fact"
"uvover,uvwhat,uvknow"
"index,page1,clinton,index,pubcon,publist1,comments,wetlink,bulletin"
"WhatsHot,pr-425"
"what,who,nil,storet-email,index"
"Rules,pubwais"
"index,page3,index,nep"
"pr-21,pr-22"
"science,events"
"pr-30,pr-14,Rules,pr-67,pr-74,pr-105,pr-106"
"EPA,Offices,region9"
"EPA,Environment,Government"
"GreenLights,gl_pubs,gcd_pubs"
"GPO,major,ef_home,rcris_overview"
"Info,Procurement"
"EPA,information"
"Software,readme.txt,ef_home,faq"
"Software,ef_home"
"Research,software,description"
"hypox,toxics"
"Software,readme.txt"
"information,feedback"
"CSO,chapter6,s1-4,PIC,titlesearch,major,Rules"
"chemlist.txt,s_perchl.txt"
"Rules,HowToWais,landbig.txt,metawast.txt,meta5017.txt,cesqg.wp"
"chemlist.txt,s_perchl.txt"
"particip,gl_pubs"
"Software,readme.1st,swmm.met,CSO,metacluin.txt"
"gulf_index,florida,sbfact,florida"
"Software,ef_home"
"PestToxics,pr-194,pr-237,pr-323"
"Offices,OA,region7,r10,whatsnew,vac950724,rcra950810,Offices,r10,cercla,factsht,cercrpts,npllist,r10,region7"
"index,science,sc_fact,myths,ozone_uv,othlinks,mbrqa"
"Info,metavac.txt,5-al1.txt,Environment,Rules,pr-958"
"intro,appenda"
"PIC,index,titlesearch"
"Offices,region2,region7,r10,region9"
"CSO,WhatsHot,5-al1.txt,pr-214"
"chapter6,s1-3,s10-1,pubwais"
"Rules,pr-159,pr-161"
"EnergyStar,printers"
"Software,metadata.txt,index,update.txt,Software,ef_home,pcs_overview,pcs_subj,pcs_enf,pcs_admin_penalty_order,npdes,pcs_data_quality,tris_overview,tris_query,ef_access,epagiras"
"pr-958,pr-959,pr-957,Standards,abguide.txt,Consumer"
"Rules,pr-752,Rules"
"pr-41,pr-15,information,Research"
"intro,contents,chapter5,s1-2,s1-5,s1-6,s2-3,s4-1,s5-2,s2-6"
"WhatsNew,WhatsHot,pr-958"
"pr-398,pr95-3,metadata,index"
"chapter5,s4-3,chapter5,s1-1,chapter2,s1-1,PIC,information"
"gl_pubs,glb-home"
"particip,corporate"
"News,metareus.txt,Software,Initiatives"
"Offices,index,rwrb"
"Software,description"
"OAR-APPD,EnergyStar"
"News,july95.asc"
"Info,Government,information,pdf_statement"
"WhatsNew,WhatsHot"
"chapter3,s1-5,chapter6,s5-6,s5-3,chapter8,s1-10,chapter3,ttnbbs"
"ttnbbs,PIC,information,Searchable,Environment"
"Rules,CFRDisclaimer,pr-309,pr-308,pr-306"
"CSO,Environment"
"chapter6,s11-2,s4-2,s5-2,Public_Information_Systems"
"update.txt,metarec.txt,question.txt,rfafacts.txt,Procurement"
"neplist,tbview"
"gulf_index,louisiana,texas,gbfact"
"coop,fbcdesc,napbdesc,reh"
"pr-958,pr-957"
"Rules,Software,readme.1st,swmm.met,overview,metaepa.txt,metatsd.txt,metalatl.txt,metabr93.txt,ef_home,emci_overview,emci_id_info,emci_data_quality,chem_subst,common_name,emci_entity_attrib,emci_registry_number,emci_metadata_ref,emciovw,emci_query,fnd_overview,fnd_id_info,fnd_data_quality,fnd_company,cmp_city_name,duns_num_hq,fnd_entity_attrib,fnd_query,Software,metadata.txt,Rules,pr-960"
"PIC,titlesearch,pr-59,pr-95,PIC,titlesearch,pr-95"
"Budget,chapter7,s1-57,chapter8,contents,chapter5,s1-8,chapter1,s3-1a,s3-13,s3-16,s2-4,PIC,titlesearch,pr-95"
"pubwais,Standards"
"meta94rp.txt,index,preface.txt,timeline.txt,contents.txt"
"WhatsNew,factshee.txt,lead.txt,aterms,metadata,06.txt,rducrsks.txt,contents.txt,s_toluen.txt,chemlist.txt,rwrb,wetlands,epahome,page1,wetland2,index,wetlanda,site2,gulf_index,factp2,nep,whatshere,partnership"
"f_toluen.txt,elradon.txt,module6,page1,wetlanda,gulf_index,formats"
"News,Research"
"pr-302,pr-763,WhatsHot,WhatsNew,METADATA"
"CSO,WhatsNew"
"pr-542,pr-597"
"Press,Budget"
"cerclis_overview,cerclis_id_info,ef_home,cerclis_query,Rules"
"WhatsHot,pr-429"
"News,17.txt,News"
"Press,Rules,pr-231"
"PIC,major,Idaho,ef_home,emci_overview,emci_id_info,ef_access,fnd_overview,tris_overview,tris_metadata_ref,major,05_95mhr.txt,Info,Procurement,Software,Rules,pr-1,Rules,metalist.txt,index"
"metalist.txt,index,EPA,Offices,Solids"
"Offices,oppe,PestToxics,indexgop.txt,index"
"Water,papercall.txt,Course.txt"
"readme.txt,index,waterg.wp,metaglos.txt,index,gloss2.wp,metasedi.txt,lead1.wp,wave004.asc,sum1"
"index,watershd93-94-Activity,wssp94"
"WhatsNew,metadata.txt,index,newchemi.txt,factshee.txt,triage.txt,f_chlori.txt"
"about,members,metaminu.txt,metamemb.txt,pr-1,pr-646.txt,pr-164,About,metabroc.txt,index"
"reg.txt,metareg.txt"
"metawast.txt,index"
"chapter2,chapter8"
"s6-2,s1-20,chapter1,s4-5,s3-10,Disclaimer,pubwais"
"Info,rfafacts.txt,Software,description,Acrobat.txt,GZIP,metatsd.txt,epagiras,ef_home,emci_overview,emciovw,chem_subst,common_name"
"Standards,Research,HowToWais"
"WhatsHot,update.txt,question.txt,WhatsNew,Offices,airrad,index,othlinks"
"defns,olaw,consumer,science,myths,uvover,mbrqa,events,usregs,disclaim,readme.txt,feedback"
"index2,index,index2,index"
"Info,metavac.txt,5-al1.wp,5-al1.txt,Procurement,conlist,RFP,8(a)News,etirfa.txt,rfafacts.txt"
"Info,etirfa.txt"
"metamemo.txt,index,memorcra.txt"
"WhatsHot,pr-429,pr-424,pr-416,pr-399,pr-397"
"Offices,missed_everything,region1,Rules"
"Environment,Government,pubwais"
"Rules,CSO,WhatsHot,pr-372,PIC,index,titlesearch"
"chapter7,f_freon.txt,s_freon.txt"
"Info,metavac.txt,index"
"f_freon.txt,s_freon.txt"
"f_acryla.txt,gold1.wp,metagold.txt,metacopp.txt,appenda,chapter1,s1-1,chapter1,contents,s3-15,s3-11"
"information,WhatsHot,EPA"
"pubwais,Research,Rules,pr-372,pr-371,pr-348,pr-347,pr-349"
"chapter7,s1-5"
"chapter7,s1-2"
"chapter1,s1-3,chapter6,Public_Information_Systems,PIC,index,titlesearch,feedback"
"Research,innovate.wp,rcra950511,rcra950427"
"Offices,OECA,oedtrm,Solids,update,metalepc.txt,metalist.txt,metatier.txt,PestToxics,OA,pubwais,Software,metarepg.txt,Info,finaldoc.txt"
"Press,pr-431,Info,5-al1.txt"
"Initiatives,Rules"
"Info,Software,Offices,index,page1,wetland2,wetlanda,wetland,wetland1,wet10,link1,rwrb"
"Info,metavac.txt,Standards,Metadata,WhatsNew,update"
"esc-home,pdf_statement,chapter8,chapter6,s1-5,s2-1,s1-2"
"EnergyStar,esc-home"
"News,july95.asc,Info,metaapp.txt,of612.txt,Procurement,5-al1.txt"
"information,pr-444,Internet"
"OAR-APPD,landfill,agstar,sum1"
"WhatsNew,Environment"
"WhatsNew,WhatsHot,Offices,region9,PIC,CSO"
"information,Offices,OECA,r10"
"Rules,pr-214,Initiatives,plan.txt,Research,Consumer,catbook1.txt"
"Rules,CFRDisclaimer"
"s1-5,s9-2"
"WhatsNew,metadata.txt,WhatsHot,pr-150.txt"
"Offices,PestToxics"
"chapter5,s2-4,s1-4"
"WhatsNew,major,airs,aqs,nonattn"
"Press,pr-431,pr-428,Budget,Rules,News"
"Press,Standards,Rules"
"Press,Rules"
"major,ef_home,cerclis_overview,cerclis_query,natgispr,metalulc,pect,Offices,Solids,metafact.txt,facts,metaupda.txt,update"
"major,ef_home,cerclis_overview,cerclis_query"
"Press,pr-431,pr-161,pr-162,pr-953,pr-954,pr-958,pr-309,index,OW-OWM,meta004"
"WhatsHot,WhatsNew,Budget,welcome.txt,PIC,titlesearch,Rules"
"finding,chapter3,s1-8"
"Environment,metalist.txt,metatier.txt,metalist.txt"
"llbpage,gloed,map,gwcb,crp"
"metalist.txt,index"
"CSO,Software,Rules,pr-361"
"pr-376,pr-380,pr-383,pr-385,pr-139,pr-137,pr-172"
"pr-182,pr-181,pr-294,pr-301"
"Press,pubwais"
"StarBytes,esc-home,EnergyStar"
"PIC,index,News,Software,Offices,Press,Rules"
"pr-957,pr-960,pr-959,pr-431"
"pr-958,pr-959,pr-960,pr-957,pr-958"
"Rules,pr-231"
"Rules,pr-950"
"readme.1st,swmm.met,Rules,pr-91,Standards,News,Software,metacluin.txt,ttnbbs,chapter6,s7-1"
"Rules,pr-231"
"chapter3,s1-13,s3-29,s3-13,s3-11,s1-3,chapter3,s1-14,s3-12,s3-15,s3-16,chapter6"
"Rules,CFRDisclaimer"
"News,03.txt,may95.txt,june95.asc,Research,Idaho"
"download,enviros"
"newchemi.txt,triage.txt,Offices,PestToxics,Research"
"catbook1.txt,prevent.txt,factshee.txt,buying.txt,lib195,3086text.txt,broc.txt,ppdir.txt"
"Offices,airrad,EnergyStar,metaozon,gcd_pubs"
"HowToWais,pr-212"
"major,chapter6,Internet,Government,information,EPA,PIC,Rules"
"Rules,Initiatives"
"WhatsNew,WhatsHot,CSO"
"Searchable,WhatsHot,sterms,README,Public_Information_Systems,Welcome,EPA,adminbio"
"Consumer,PIC,feedback,titlesearch,index,major,ef_home,airs,aqs,criteria,ag,agsample,rtvcurr,rvt30co,cyosamp,cyozip,OAR-APPD"
"index,olaw,defns"
"Offices,airrad,OAR-APPD,hoffman"
"adminbio,intro,contents"
"Rules,chapter6,s5-6,s1-1,PIC,titlesearch,Searchable,feedback,titlesearch,index,Rules"
"major,natgispr,Rules"
"home,specpage,brnflds,brown,moreinfo,contacts,region5,EPA,landpage,genpage,epanews,epanr078"
"iterms,metadata,cterms,wterms,chapter6,INFOTERRA,Public_Information_Systems,Software"
"WhatsHot,WhatsNew,index,owintro,index,Rules,crit,Rules,index,insert1,metaglos.txt,s3-18,s3-1a,chapter1,index,text,Offices,WhatsNew,chapter2,contents,chapter3,chapter4,chapter5,chapter6,chapter7,chapter8,chapter2"
"major,natgispr,ef_home,cerclis_overview,cerclis_subj,cer_fac,tris_overview,tris_query"
"WhatsHot,WhatsNew,wetlands,information"
"whatsnew,consumer,609,cons1,cons2,hc-12a"
"Offices,PestToxics"
"major,navigator,statisti,software"
"goals,goals-1,goals-5,Internet"
"WhatsNew,welcome.txt,Environment"
"Government,Info,Procurement,5-al1.txt,News"
"WhatsHot,metadata,index,aterms,kterms,xyzterms,WhatsHot"
"Rules,Info,extenrfa.txt,nsfrfa.txt,finalrfa.txt,update.txt,metarec.txt,Research,Environment"
"information,feedback,Software,ef_home"
"whatsnew,smallcom"
"GPO,pubwais,Software,dataobj,Software,dataobj,earth1"
"feedback,information,chapter5,information,WhatsNew,WhatsHot,PIC"
"appenda,Software,News"
"WhatsHot,facts,update"
"PIC,WhatsHot,intro,metadata,aterms,pr-430"
"chapter8,s1-4,appenda,chapter3,s1-19,s3-28,s1-12,chapter2,s1-8,s1-9,chapter1,s4-3,s2-2,Environment"
"major,Idaho"
"WhatsHot,Software,ef_home,description,pcs_overview,cerclis_overview,tris_overview,rcris_overview,fnd_overview,emci_overview,fnd_subj,fnd_overview,fnd_id_info"
"PIC,Environment"
"Water,readme.1st"
"Standards,metaldbg.txt,index,landbig.txt,factp1,Statistics,index,WWWStats,WhatsNew,aterms,intro,metadata,metadata.txt,index"
"WhatsNew,WhatsHot,pr-91,pr-90"
"adminbio,CSO,WhatsNew,OW-OWM,wave004.asc,WhatsNew"
"Government,Internet"
"Offices,index,Budget,index,pubcon,publist1,index"
"index,demo,intro,2,ocean,reg07,index"
"index,pubcon,index,ocean,page2"
"Initiatives,actagen.txt"
"Research,pr-189"
"EPA,adminbio,Offices,OA,region3,Consumer"
"Rules,pr-314,Press,pr-432,Initiatives,summary.txt,Software,pubwais,dataobj,News,Info,chapter5,s1-7,s1-2,adminbio"
"major,natgispr"
"WhatsNew,WhatsHot"
"Info,Offices,airrad,r10,sustain,pugsnd,psitfbg,reginfo,vac,airrad,index,region8,talk.asc,cannonsp.txt,state,NM_places,site6,WA_places,site17,state,WA_places,site13,state,WA_places,site12,site20,site17,site2,site12,site13,CSO"
"HowToWais,Initiatives,summary.txt,pendices.txt,contents.txt"
"WhatsNew,citguide.txt"
"Software,ef_home,Standards"
"Research,campus,Idaho"
"Offices,PestToxics"
"airrad,newconst.txt"
"Rules,Research,Standards"
"Research,pr-41,pr-17"
"Info,credit.txt,loans.txt,grants.txt,incentiv.txt,district.txt,efc.txt,misc.txt,univwast.txt,metaunfr.txt,Rules"
"Software,overview,description"
"finalrfa.txt,WhatsNew,xl_proj,pr-477,Budget,WhatsHot,intro,PIC"
"WhatsHot,pubwais"
"Water,p-route.met"
"Software,overview,metaepa.txt,metafact.txt,epagiras"
"Research,Info,rfafacts.txt,extenrfa.txt,metavac.txt,5-al1.txt"
"Standards,abguide.txt,Research"
"Info,rfafacts.txt,Info,metavac.txt,5-al1.txt"
"ef_home,faq,Research,Idaho"
"Rules,pr-154"
"homep,air"
"Consumer,News"
"Water,metaglos.txt,metadata.txt,wetfinal.txt"
"Rules,pr-214"
"progress,august94_prog,feb95_prog"
"fnd_query,fnd_feedback,major"
"Consumer,metacat.txt,index"
"major,ef_home,pcs_overview,pcs_entity_attrib,pcs_permit_facility,pcs_fac,pcs_outf"
"Software,adminbio"
"PIC,titlesearch,metaric.txt,ricnum.txt,ricabst.txt,ricorder.txt,ricabst.txt,ricorder.txt"
"PIC,titlesearch,PIC,titlesearch"
"Software,Acrobat.txt"
"ftp_read.me,whatsnew"
"Software,readme.1st,swmm.met"
"Info,Procurement"
"major,ef_home,emci_overview,chapter6"
"OW-OWM,major"
"text,index"
"News,Software,metaepa.txt"
"WhatsNew,MetaRecord,Press"
"adminbio,WhatsNew,Budget,WhatsHot,Offices,text,index,bios,page2,nep,nepover,neplist"
"Rules,pr-231,pr-230,region1,intro,Rules"
"WhatsNew,Rules,pr-959"
"gas-home,ngas-gri"
"PIC,missedbar,titlesearch"
"chapter6,s1-4"
"Software,readme.1st,overview,Standards,WhatsNew,metadata.txt,WhatsHot"
"gas-home,OAR-APPD,enviros"
"chapter7,s1-32"
"aterms,metadata,index,chapter6,s1-2,major"
"emap-dat,EPA,Rules"
"ef_home,rcris_overview,rcris_query"
"OAR-APPD,gcd_pubs"
"Software,description"
"Initiatives,Rules,pr-161,pr-162"
"CSO,Rules,pr-231,pr-953,pr-954,pr-955,pr-956,pr-958,pr-959,pr-960"
"primfin.txt,pubwais"
"Software,ef_home,ef_overview,emci_overview,emci_id_info,tris_overview,tris_subj,tris_chm,tri_chem_report,tris_fac,tris_bus,pcs_overview,rcris_overview,rcris_subj,rcris_enf,rcr_enforcement,cerclis_overview,cerclis_subj,cer_fund,efovw,fnd_overview,fnd_id_info,metaepa.txt,index"
"News,01_94.txt"
"EPA,adminbio"
"Offices,region5,region4,Solids,foia"
"CSO,Internet"
"Info,Standards,Rules,CFRDisclaimer"
"Software,EPA,pdf_statement,Survey,Press,Intro,1,readme.txt,metadata.txt,update.txt,erns_doc.txt"
"pubwais,HowToWais"
"Rules,pr-50,pr-160"
"index,News"
"Rules,pr-817"
"index,uvover"
"major,ef_home,tris_overview,tris_query"
"HowToWais,05_06_95.txt,Software,pr-67"
"index,othlinks"
"EPA,information,pdf_statement"
"index,science,marcomp,defns,arosa,marcomp,consumer,whatsnew,consumer,olaw,olawlet,q_a,sc_fact,ideas,indiv,add_res,events,othlinks"
"Software,epagiras,overview"
"metadata,index,Consumer,Rules,About,pr-231,readme.txt,adminbio,major,ef_home,Rules"
"WhatsHot,Offices,Solids"
"Rules,pr-958,Standards,Offices,airrad,News"
"WhatsHot,map.txt,metaric.txt,index,ricnum.txt,ricorder.txt,ricabst.txt,ricelec.txt,description,Acrobat.txt,pr-309,of612.txt,WhatsNew,Standards,News,05_95mhr.txt,metahl95.txt,index_5.txt,reuse95b.txt"
"Offices,Solids,ricsubj.txt,oswintro.txt"
"feedback,Standards,PIC,feedback"
"Offices,airrad,OAR-APPD,gcd_pubs"
"rcra,feedback,cercla,factsht"
"r10,whatsnew,siteinfo"
"major,natgispr"
"GreenLights,particip,allies,government,corporate"
"pr-958,pr-959"
"metafact.txt,index,prezmemo.txt,iwgfacts.txt,execordr.txt,meta94rp.txt,preface.txt,contents.txt,timeline.txt,contacts.txt,metastra.txt,stratcvr.txt,contents.txt,strategy.txt,morecopy.txt"
"EnergyStar,GreenLights,particip,endorser"
"cetred.txt,pr-11,Software,93contnt.txt,93exec.txt,93intro.txt"
"r10,gisapps,site"
"Rules,Standards,News"
"major,News,Press,pubwais"
"Initiatives,Rules"
"gas-home,ngas-gri"
"Searchable,major,Press,News,Rules,PIC,WhatsNew,feedback"
"Rules,EPA"
"whatsnew,smallcom"
"Software,ef_home,emci_overview,emci_id_info,emci_entity_attrib,chem_subst,common_name,ef_overview,chapter6,metalist.txt,index"
"Info,Procurement,rfafacts.txt,readme.txt"
"region9,METAspeech,index"
"whatsnew,PIC,titlesearch"
"Rules,pr-231"
"EnergyStar,GreenLights,particip,allies,government,GreenLights,EnergyStar"
"pr-959,pr-957,Software,ef_home,tris_overview,tris_subj"
"tris_subj,tris_query,fnd_overview,emci_overview,ef_overview,efovw"
"efovw,fnd_overview,fnd_id_info,fnd_query,Research"
"Consumer,index,gulf_contacts,epavm,Initiatives,Offices,index,ME"
"intro,WhatsNew,metafact.txt"
"Metadata,abguide.txt,epa,CSO"
"Offices,Solids,facts"
"natgispr,metalulc"
"Rules,HowToWais"
"EPA,Offices,whatsnew,Briefs,Accomp,whatsnew,reader,Offices,ORSI,region5,meta001,meta002,region5,Offices,oppe,xl_proj,EPA,information"
"index,consumer,609,cons1,marcomp,hc-12a"
"EPA,information,Offices,region1,default.txt,library,WhatsHot"
"Offices,CSO"
"r10,siteinfo,site"
"meta_elp.txt,PIC,titlesearch"
"chapter6,s6-3,pr-489"
"WhatsNew,OECA,oedtrm,oe_sc,aterms"
"region3,feedback"
"region3,homepage,CSO,WhatsHot"
"Offices,r10,reginfo,r10,maplib,stblack"
"feedback,region3,homepage,watrshed"
"CSO,Offices,r10"
"region3,homepage"
"region3,homepage,region3,Offices,region1,region9,region4,region1,default.txt,OIRM,OA"
"Offices,region6,region1"
"WhatsNew,update,facts,Metadata,abguide.txt,Government"
"Internet,Government"
"r06,r6whatsnew"
"major,r06"
"ef_home,tris_overview,tris_query"
"Offices,OIRM,natgispr,ndpdoff,OARM,status.txt,Research,campus"
"Software,readme.1st,swmm.met"
"News,Info,major"
"ef_home,rcris_overview,rcr_entity_attrib,rcr_facility,handler_name"
"Internet,CSO,WhatsHot,WhatsNew,abguide.txt,WhatsNew,metaupda.txt,wetlands,epahome,metadata.txt"
"Software,metabr93.txt,index,HowToWais"
"chapter5,s4-9,s4-6,s4-8,s2-6,s4-3,contents"
"pubwais,WhatsNew,metadata.txt,index,welcome.txt,factshee.txt,issue01j.wpd,News,Offices"
"Consumer,major,Status,PestToxics,f_acenit.txt,f_butano.txt,s_butano.txt"
"Software,overview"
"Software,Acrobat.txt"
"landuse,toxics,models"
"Info,rfaques.txt,Procurement"
"Rules,Initiatives,summary.txt,Standards,WhatsHot,pr-878"
"WhatsNew,HowToWais,major,ef_home,natgispr,Press,pr-397,Press,Rules"
"metafrma.txt,2"
"Rules,pr-254,pr-267,pr-280"
"Offices,PestToxics,Pesticide_Export_Policy_1993,metadata"
"toxics,hypox"
"Environment,chapter5,s1-3,s1-5"
"EPA,WhatsNew,faca"
"chapter6,contents,chapter2,s1-5,chapter2,s1-6"
"pesticides,meta_exp.txt"
"pr-55,pr-203"
"Software,metatsd.txt"
"indexN,whatsnew,pr-95,pr-96,pr-88,CSO"
"Info,neweti.txt,extenrfa.txt,nsfrfa.txt,etirfa.txt,finalrfa.txt,finaldoc.txt,metarec.txt,Initiatives,Research,campus,Idaho,Research,eeac943.txt,ehcltr03.txt,epeltr04.txt,Software,epagiras,Government"
"natgispr,metalulc"
"Offices,region5,PIC,titlesearch,Searchable,information,Status,Initiatives"
"Standards,Metadata,abguide.txt,Software,Rules"
"PIC,titlesearch,Press"
"PIC,WhatsNew,WhatsHot"
"Standards,metaldbg.txt,index,landbig.txt,Rules,Initiatives,Software,Acrobat.txt,metaepa.txt"
"chapter5,s1-3,s1-5,s4-3,s2-3,s2-4"
"index,pubcon,comments,publist1,form,bulletin,wetlink"
"pubcon,publist1,wetlink,pubcon,comments,bulletin,wetlink,pubcon,comments,bulletin,pubcon,comments,bulletin,comments,bulletin,comments,bulletin,text,index,pubcon,bullform,pubcon,bullform,pubcon,bullform"
"wetlink,comments,wetlink,comments,s3-16,nep,index,page1,clinton,wetland3,2_years,clinton,outline,clinton,wetland3,2_years,page1,outline,clinton,wetland3,outline,clinton,index,pubcon,publist1,pubcon,publist1"
"index,pubcon,bullform,comments,publist1,pubcon,publist1,index,ocean,Offices,publist1,pubcon,publist1,pubcon,publist1,pubcon,publist1,pubcon,publist1,index,ocean,index,page2,Anderson,page2,Rules"
"index,wetlink,pubcon,publist1,pubcon,index,page1,outline,2_years"
"Offices,index"
"text,index"
"text,index"
"text,links,work,new,text,index"
"index,quotes"
"CSO,testtest"
"News,Research"
"maplib,stpaulis,gzip"
"CSO,WhatsNew,pubwais,Status"
"GPO,chapter1,s3-2,s4-2,chapter6,PIC,titlesearch,index,Public_Information_Systems"
"Rules,Statistics,index,week65"
"Status,Government,WhatsNew,Offices,region5"
"EnergyStar,esb-home"
"nep,neplist"
"Methane,EnergyStar"
"Software,erns_doc.txt,ef_query,pcs_query,pcs_fac,pcs_permit_facility,pcs_fac,pcs_permit_facility,fac_id,cerclis_overview,cerclis_id_info,tris_id_info"
"r10,datalib,r10,pesticides"
"Offices,index,page1,wet10"
"Status,Statistics"
"WhatsHot,major,airs,afs,afsdata,afsd-so2,aqs,aqsdata,aqsd-so2,foia,contacts"
"PIC,adminbio"
"PIC,information,major,airs,Rules,Consumer,Software,Research"
"Rules,pr-259,About,Research,navigator"
"WhatsNew,WhatsHot,Initiatives,Rules,News,metahl95.txt,05_95mhr.txt,News,pubwais"
"indexN,whatsnew,Briefs,Offices,nerl,html3,FAQ,WhatsNew,WhatsHot"
"whatsnew,Briefs"
"chapter6,s11-1,INFOTERRA"
"EPA,Offices,airrad,airs,aexec,criteria,aexec2,Software,filedate,overview,whatsnew,overview,readme.txt"
"natgispr,pect,metalulc,pect,spatial,MetaRecord"
"nep,index,ccwho,ccarticles,ccbrochure"
"PIC,index"
"Initiatives,toc,README,tecstrat.epa,solicit.wp,solicit.txt,Rules,HowToWais,News,metahl95.txt,index,05_95mhr.txt,04_95mhr.txt,Searchable,major,ef_home,whats_new,natgispr,EPA,information,Press,pr-429,pr-424,pr-419,pr-416,pr-415"
"Initiatives,summary.txt,from.txt,contents.txt,oduction.txt,1.txt,2.txt,3.txt,4.txt,pendices.txt,dgements.txt,README,Research,Software"
"Rules,pr-309"
"esc-home,StarBytes,EnergyStar,OAR-APPD,download"
"Water,p-route.met,metadata.txt,readme.1st,Water,sum1"
"PIC,missedbar,titlesearch,Searchable,intro,chapter1,s2-2,s2-3,s2-4"
"Software,metaepa.txt,Research,campus,CSO"
"Standards,Metadata,landbig.txt,Rules,pr-164,pr-163,pr-148.txt,pr-149,pr-150.txt,pr-151,pr-150.txt,pr-154.txt,pr-157,pr-161,pr-162,News"
"Budget,papercall.txt,talk.asc"
"Press,Budget"
"pr-104,Rules"
"EnergyStar,esb-home"
"Rules,Offices,PIC,titlesearch,index,WhatsHot,WhatsNew,welcome.txt,Rules,Initiatives,pubwais"
"mbrqa,usregs"
"gcd_pubs,glb-home,consumer,indiv,disclaim,olaw,609,index"
"bcwaswl,readme.txt"
"wave005.asc,pr-204"
"wetfinal.txt,metadata.txt,Offices,region9"
"ef_home,cerclis_overview,cerclis_subj,cerclis_query,cerclis_id_info,pcs_overview,pcs_subj,pcs_fac,pcs_permit_facility,name_1,pcs_id_info,ef_access,pcs_entity_attrib,pcs_permit_facility,name_1,pcs_fac"
"Info,metavac.txt,question.txt,hotline.txt,rfafacts.txt,Internet"
"Rules,Press,pr-431,Research,PIC,titlesearch,index,WhatsNew,MetaRecord,WhatsHot"
"index,module6,module1,module7,alabama,mississippi,module3,index,OW-OST,metadata.txt,index,metadata.txt,wetfinal.txt,OW-OST"
"Software,filedate,overview,update.txt"
"Offices,Solids,gilsfocg.txt,oswintro.txt,reuse95b.txt,catbook1.txt"
"index,longisl1"
"Offices,region4"
"Software,epagiras"
"Research,Software,ef_home"
"pr-421,pr-420,pr-422"
"CSO,Rules,HowToWais"
"Software,metafact.txt,index,Consumer,Software,metafact.txt"
"module9,whatsnew,nep"
"Info,nsfrfa.txt,Info,Research,adminbio"
"Rules,Initiatives,gcd_pubs"
"airs,afs,criteria,nonattn,afsdata,foia"
"PIC,titlesearch,PIC"
"Press,Consumer,Offices,OA,News,Rules,Info,metavac.txt,5-al1.txt"
"News,05_95mhr.txt"
"Initiatives,actagen.txt,pr-388,pr-389,pr-390"
"Press,Initiatives,pr-385,pr-384,pr-380,pr-356,pr-345,pr-332,pr-333,pr-330,pr-289,pr-286"
"pr-278,pr-263,pr-238,pr-239,pr-294"
"Press,pr-426"
"Offices,index,storet-email,index,page3,index"
"Research,Press,News"
"sec09,sec14"
"chapter6,s2-1,s2-2,chapter6,health.wp"
"Offices,r10,gzip"
"Initiatives,Research"
"Software,overview"
"Offices,index,nep,index,cc,apdp,ccwho"
"PIC,CSO,Offices,OIRM,OA,Consumer,Initiatives,Info,Procurement,cbd1,RFP,rfpwp51.doc,conlist,Procurement,Info"
"Press,Initiatives,Rules,PIC"
"WhatsHot,finaldoc.txt"
"Software,ef_home,ef_access,ef_query,fnd_overview,fnd_query"
"description,homepage,sum1"
"Rules,Software,Info,cwa403_2,cwa403_3"
"Info,Procurement,rfp_instructions_for_download,amend1.wp,pc_rfp.asc,att_l-1.wp"
"major,ef_home,fnd_overview,fnd_id_info,fnd_query"
"chapter7,s1-51"
"Offices,region5"
"science,q_a,sc_fact"
"process,myths,volcano,glob_dep,marcomp,arosa,Ozone"
"WhatsNew,Metadata,welcome.txt,WhatsHot"
"Budget,index"
"Rules,update,HowToWais,chemlist.txt,metadata.txt,chemlist.txt,metadata.txt,readme.txt,metarecord"
"Software,Research"
"ef_home,pcs_overview,pcs_id_info,pcs_data_quality,pcs_entity_attrib,pcs_query,pcs_feedback"
"ef_home,cerclis_overview,cerclis_metadata_ref,cerclis_query,tris_overview,tris_query,tris_distribution,tris_entity_attrib,tris_id_info,ef_home,rcris_overview,rcris_subj,rcris_query"
"ef_home,fnd_overview,fnd_query"
"Press,Consumer,Software,information,EPA,INFOTERRA,chapter6,PIC,CSO,WhatsNew,WhatsHot,major,airs,airs2,navigator,gulf_index,louisiana,nep,whatshere,major,Government,Environment,Internet,Consumer,Initiatives,Software"
"Info,metaapp.txt,of612.txt,EPA,Offices,OA,region5,Offices,NCEA,ORSI,NHEERL,Environment,Offices,region5,Government"
"xl_home,xl_proj,pubwais"
"pr-885,pr-908,pr-915,pr-670,WhatsHot,pr-332,chapter6,Public_Information_Systems"
"metaapp.txt,of612.txt"
"Status,Standards,Software,overview,metaepa.txt,Research"
"Press,News"
"WhatsNew,papercall.txt,metadata,WhatsNew,metadata.txt,WhatsHot,pr-958,pr-954,WhatsHot,pr-371,pr-368,pr-361,pr-358,pr-357,WhatsHot,pr-149,pr-150.txt,WhatsHot"
"storet-email,overview,5"
"OAR-APPD,download"
"nrmrl,ttnbbs,README,Public_Information_Systems,major,pr-45,Research,Idaho"
"ef_home,fnd_overview"
"Rules,pr-284,pr-299"
"index,neplist"
"information,EPA,Servers,Offices,PestToxics,metadata,indexgop.txt,93contnt.txt,EPA"
"basin_card,keyswaip,gulf_index,florida,flabay,fmri-dat,watercolor_md,noaa-dat,fla100k_md"
"Offices,Solids"
"home,Offices,Solids"
"fr,foia,question,frform2,feedback,foia"
"cerclis_query,spatial,grd_home,ef_home,cerclis_overview"
"Info,Procurement,Consumer,index,link6,gulf_contacts,NBSFlash,storet-email,link12,index,papercall.txt,index,natgispr,wssp95,wssum95"
"natgispr,regoff,gulf_index"
"storet-email,florida,info-zone"
"chapter7,pr-296"
"gazprom,OAR-APPD,coalhome,enviros"
"WhatsNew,xl_proj,xl_mail,adminbio,WhatsHot,highlite.txt,metadata.txt,readme.txt,appnxa.wp,list-a.prn,list-bcd.prn"
"article.txt,article.wpd,pubwais,Environment,Internet,Rules,pr-153,pr-152"
"metadata.txt,readme.txt"
"r10,whatsnew,vac950620,Info,question.txt,News,14.txt,09.txt,Initiatives,edgewtr.txt,index,module7,module10"
"index,Budget"
"WhatsHot,WhatsNew,li_state,page42,introduc,s1,s2,page52,page74,page48,page64,page58,page62,page66,page68,page70,page72,s3,au_su,WA,sum1,watershed,csgwpp,sum1"
"index,chapter6,s11-1,chapter6"
"index,page1,rwrb,index,rwrb,Bob,ocean,reg07,outline,2_years,wetland3,clinton,wetland2,wetlanda"
"index,Offices,region9,text"
"chapter6,contents,chapter6,HowToWais"
"WhatsNew,update,metadata,intro"
"738b94.txt,chemlist.txt,f_acrlac.txt,pr-251,pr-245,pr-364,pr-363,pr-14,Standards,abguide.txt,Software,ef_home,EPA,information"
"index.cat,chapter7.txt,Internet,Welcome,EPA,Statistics,Retrievals"
"WhatsNew,Government,feedback,CSO,PIC,Government,Internet"
"Internet,CSO,Internet,CSO,Internet"
"Internet,adminbio,CSO,feedback,Internet,Government,Internet,Survey"
"Internet,esb-home,GreenLights,esrp,gcd_pubs,OAR-APPD,fact2,fact3,Internet,fact4,intro,sc_fact,indiv,Internet"
"Offices,Solids,Software,Offices,PestToxics,metadata.txt"
"Rules,Government,Offices,airrad,index,Internet"
"Welcome,EPA,Offices,Solids,elradon.txt,Internet,Government,CSO,Internet,Acrobat.txt,Press,goals,goals-10,Offices,airrad,OAR-APPD,Offices,Government"
"Government,Internet,Government,Rules"
"CSO,News,metareus.txt,Government,major,ef_home,tris_overview,CSO,tris_query,feedback,Internet,PIC,intro,Internet,Welcome,Internet,WhatsNew,WhatsHot,Government,Internet"
"pr-403,Internet,pr-403"
"Consumer,Software,WhatsNew,aterms,MetaRecord"
"Progs-Init,intro.txt,metadata.asc,epa,search,browse,about,Metadata,epa,adminbio,Offices,OIRM,natgispr,OARM,OA,airrad,OECA,oppe,Solids,Offices,Solids,Offices,Solids,Offices,PestToxics"
"major,Offices,Press,Environment"
"ef_home,Research,PIC"
"Rules,chapter6,s6-2,s1-1,s11-2,s7-1,s6-4"
"omshome,fuels,rfgorig,airrad"
"Rules,Standards,landbig.txt,OAR-APPD,gcd_pubs,EnergyStar"
"chapter3,chapter1"
"airs,afs,contacts,afsdata,afsd-co,afsd-no2"
"pr-402,Software"
"pr-358,pr-361,pr-366,pr-368,pr-369"
"Info,Procurement,conlist,cbd1,cbd4"
"whatsnew,Briefs,information"
"adminbio,information,chapter3"
"adminbio,WhatsNew,WhatsHot"
"Info,update.txt,finaldoc.txt,readme.txt"
"iwgfacts.txt,execordr.txt"
"iwgfacts.txt,execordr.txt"
"iwgfacts.txt,execordr.txt"
"Software,epagiras"
"r10,cercla,npllist,r10"
"Info,metavac.txt,spdgraph"
"major,ef_home,tris_overview,tris_query,tris_data_quality,r10,siteinfo,siteplus,ef_access,ef_home,emci_overview,emci_query,siteplus"
"spdgraph,Software,Press,Consumer,index"
"Rules,pr-95,pr-97,pr-121,pr-117"
"major,GLREIS,natgispr,gis,ef_home,ef_query,fnd_overview,fnd_subj,fnd_facilities,CSO,information"
"GreenLights,Offices,owintro,index,text,OW-OWM"
"major,nep,index,neplist,Press"
"Offices,region6,Solids,section2.txt"
"Rules,Initiatives,index,Research,GPO"
"Offices,airrad,citguide.txt,consguid.txt,metahmby.txt,index,newconst.txt,rducrsks.txt,metacitg.txt,metacons.txt,fixit.txt,mitstds.txt,Offices"
"Rules,index,rwrb,index"
"PIC,titlesearch,index,Rules,Press,Initiatives,feedback,GreenLights,Rules"
"Press,pr-431,pr-430,pr-429"
"Press,pr-431,pr-427"
"Initiatives,Rules,HowToWais"
"chapter6,s6-2,chapter6,INFOTERRA,PIC,titlesearch,Searchable,feedback,index,information"
"pr-959,pr-953"
"Rules,pr-25,pr-26,pr-24"
"esb-home,EnergyStar,geothermal"
"adminbio,chapter5"
"s1-28,Standards,Info,Rules,questans.txt,factsheet.wp,mets%7F.save,readme.txt,Initiatives,WhatsHot,WhatsNew,metadata.txt"
"fnd_overview,ef_home,cerclis_overview"
"Initiatives,talk.asc,summary.txt,Rules,env.txt,HowToWais"
"GreenLights,health1,college,particip"
"whowho,project,report"
"tbview,Initiatives,actagen.txt"
"adminbio,CSO,Searchable,feedback"
"region1,toxics"
"CSO,PIC,feedback,index,Rules,CSO"
"Software,ef_home,tris_overview,tris_subj,tris_rls,tri_air_emission,fugitive_stack_ind,tris_entity_attrib,tri_chem_manufacturing,tri_facility_id,tris_chm,tris_rls,fnd_overview,fnd_query,fnd_feedback,emci_overview,emci_id_info"
"index,Software,consumer,mbrqa,readme.txt"
"chapter6,s1-3,chapter6,s1-2"
"chapter6,s6-1,s1-4,s1-3,INFOTERRA"
"region1,hypox,toxics"
"EPA,Offices,region9,lib195,METAspeech,gas-home"
"Consumer,Initiatives,Standards"
"EPA,Offices,OECA,oedtrm,iwgfacts.txt,PestToxics,Solids,update,metaupda.txt,index,facts,metafact.txt,Rules,metalist.txt,metalepc.txt,lepc-sur.txt,metatier.txt"
"region9,METAspeech,METApublications,lib1094,major"
"EnergyStar,homes"
"Research,campus,Offices,airrad,oppe,earthday"
"mbrqa,pubwais,HowToWais"
"rcris_overview,rcris_query,rcris_feedback"
"WhatsHot,description"
"Info,Procurement,MetadataRecord,RFP,Consumer,ef_home,whats_new,ef_overview,efovw,ef_data_quality,ef_distribution,ef_metadata_ref,fnd_overview,fnd_subj,fnd_progsys,fnd_id_info,fnd_entity_attrib,fnd_data_quality,Government"
"Standards,PIC"
"EPA,Government"
"Info,etirfa.txt"
"Procurement,conlist,titlesearch"
"pr-199,pr-198,pr-234,pr-235,pr-1223"
"Standards,Rules,pr-161,pr-162"
"Standards,PIC"
"indexN,whatsnew,Accomp,grantsbro,GPO"
"Software,News,Initiatives,Press,Budget,Info,Research,Standards"
"Searchable,HowToWais"
"Software,metaepa.txt"
"Info,Procurement,status"
"major,ef_home,rcris_overview,News,july.95"
"WhatsNew,chapter5"
"chapter3,s1-14,s1-19,chapter3,chapter1,s4-2,s3-29,s3-23,feedback"
"intro,aaad,mterms,PIC,feedback,WhatsNew,metacitg.txt,schools.txt,WhatsHot,metavac.txt,index"
"chapter6,s1-1"
"pr-536,pr-526,HowToWais"
"Rules,pr-276"
"site2,site12,site4,site6,site13,site23,site22"
"OAR-APPD,EnergyStar,homes,EnergyStar,esb-home"
"Research,Info,Standards"
"PIC,metacluin.txt,CSO,Initiatives,stratcvr.txt,strategy.txt,contents.txt,metastra.txt,preface.txt,contents.txt,timeline.txt,pr-16,pr95-3,iwgfacts.txt,12.txt,cbp.txt"
"Searchable,feedback,pr-64,pr-63,pr-62,pr-61,pr-60,pr-1106,pr-1107,pr-1109,pr-1113,pr-737,pr-739"
"gulf_index,partnership"
"OAR-APPD,download"
"whatsnew,smallcom,reader"
"whatsnew,smallcom"
"pubwais,HowToWais"
"major,Idaho,nep,gbselect"
"major,overview,navigator,overview,formats,major,statisti,pubwais,major,ef_home,ef_access"
